num_actions,avg_inter_action_time,mm_avg_v,mm_sd_v,mm_avg_a,mm_sd_a,mm_avg_j,mm_sd_j,mm_avg_duration,mm_sd_duration,mm_avg_straightness,mm_sd_straightness,mm_avg_num_points,mm_sd_num_points,mm_avg_curvature,mm_sd_curvature,mm_avg_angle_sum,mm_sd_angle_sum,mm_avg_max_deviation,mm_sd_max_deviation,pc_avg_v,pc_sd_v,pc_avg_a,pc_sd_a,pc_avg_j,pc_sd_j,pc_avg_duration,pc_sd_duration,pc_avg_straightness,pc_sd_straightness,pc_avg_num_points,pc_sd_num_points,pc_avg_curvature,pc_sd_curvature,pc_avg_angle_sum,pc_sd_angle_sum,pc_avg_max_deviation,pc_sd_max_deviation,avg_click_time,pc_sd_click_time,dd_avg_v,dd_sd_v,dd_avg_a,dd_sd_a,dd_avg_j,dd_sd_j,dd_avg_duration,dd_sd_duration,dd_avg_straightness,dd_sd_straightness,dd_avg_num_points,dd_sd_num_points,dd_avg_curvature,dd_sd_curvature,dd_avg_angle_sum,dd_sd_angle_sum,dd_mean_max_deviation,dd_sd_max_deviation
26,0.06982738494873048,1492.204038010438,867.1030297988455,-3732.4190489113266,3811.6488042685487,547067.2746737589,616041.6481481733,0.7475667893886566,0.10280145139942513,0.8685297384374104,0.1877471888407681,57.875,18.380404938800606,0.07272219770500044,0.17220344019176004,-55.65454240953513,55.45616332542353,-55.65454240953513,55.45616332542353,744.5345958711396,407.24574930196735,-1186.2443858836843,822.5682886865077,173138.60050555514,156295.70801917475,0.9457861423492432,0.3391061202770407,0.8636918086085084,0.11892515580154886,78.9,29.22498930709813,0.007440304979039579,0.06350851605395263,28.19069281186039,76.86235427382155,0.038696144478748924,0.06623792571445176,0.133728551864624,0.04157956056568898,1191.5056597882233,283.00216429668916,-7383.308917007467,6282.786166764691,173138.60050555514,156295.70801917475,0.683396190404892,0.2565111809686607,0.757752710943377,0.1324894448851593,66.5,21.246848505803666,0.023894131222849554,0.17263334500658423,24.919969522598052,32.75131795304808,0.0017022894178060613,0.0016399031074302978
