num_actions,avg_inter_action_time,mm_avg_v,mm_sd_v,mm_avg_a,mm_sd_a,mm_avg_j,mm_sd_j,mm_avg_duration,mm_sd_duration,mm_avg_straightness,mm_sd_straightness,mm_avg_num_points,mm_sd_num_points,mm_avg_curvature,mm_sd_curvature,mm_avg_angle_sum,mm_sd_angle_sum,mm_avg_max_deviation,mm_sd_max_deviation,pc_avg_v,pc_sd_v,pc_avg_a,pc_sd_a,pc_avg_j,pc_sd_j,pc_avg_duration,pc_sd_duration,pc_avg_straightness,pc_sd_straightness,pc_avg_num_points,pc_sd_num_points,pc_avg_curvature,pc_sd_curvature,pc_avg_angle_sum,pc_sd_angle_sum,pc_avg_max_deviation,pc_sd_max_deviation,avg_click_time,pc_sd_click_time,dd_avg_v,dd_sd_v,dd_avg_a,dd_sd_a,dd_avg_j,dd_sd_j,dd_avg_duration,dd_sd_duration,dd_avg_straightness,dd_sd_straightness,dd_avg_num_points,dd_sd_num_points,dd_avg_curvature,dd_sd_curvature,dd_avg_angle_sum,dd_sd_angle_sum,dd_mean_max_deviation,dd_sd_max_deviation
27,0.053312989381643444,839.6004405961679,386.2465626272151,-10595.230071516751,28673.86136135488,7046161.061753245,20680952.96321344,0.8253845108879937,0.2818153994723012,0.8968490626653574,0.11957205936888524,75.11111111111111,15.471299593476662,0.013100686440364731,0.0645958880250339,-57.04068381006615,53.157088870193476,-57.04068381006615,53.157088870193476,499.0034722822491,185.11407899456677,-869.6164122857606,1020.5658825844016,450150.9155209768,1149260.7195403916,0.9455021222432455,0.33733215096820757,0.8066039076531989,0.11537817021288782,92.11111111111111,35.694693038477176,0.08826570062939308,0.21635093325812355,40.59029439117456,116.29035184368145,0.12417516746410981,0.20552952706499725,0.16474848323398167,0.031117203633533347,676.4285404586604,250.02313859489408,-6509.704589340793,8312.61640837527,450150.9155209768,1149260.7195403916,0.8665932814280192,0.5472299674487563,0.895910312128628,0.06845045783924748,82.55555555555556,41.88111481058949,0.02370839167381446,0.06517878593792145,71.59817897930729,64.22052304473935,0.0026811182488831074,0.002530518215685524
