num_actions,avg_inter_action_time,mm_avg_v,mm_sd_v,mm_avg_a,mm_sd_a,mm_avg_j,mm_sd_j,mm_avg_duration,mm_sd_duration,mm_avg_straightness,mm_sd_straightness,mm_avg_num_points,mm_sd_num_points,mm_avg_curvature,mm_sd_curvature,mm_avg_angle_sum,mm_sd_angle_sum,mm_avg_max_deviation,mm_sd_max_deviation,pc_avg_v,pc_sd_v,pc_avg_a,pc_sd_a,pc_avg_j,pc_sd_j,pc_avg_duration,pc_sd_duration,pc_avg_straightness,pc_sd_straightness,pc_avg_num_points,pc_sd_num_points,pc_avg_curvature,pc_sd_curvature,pc_avg_angle_sum,pc_sd_angle_sum,pc_avg_max_deviation,pc_sd_max_deviation,avg_click_time,pc_sd_click_time,dd_avg_v,dd_sd_v,dd_avg_a,dd_sd_a,dd_avg_j,dd_sd_j,dd_avg_duration,dd_sd_duration,dd_avg_straightness,dd_sd_straightness,dd_avg_num_points,dd_sd_num_points,dd_avg_curvature,dd_sd_curvature,dd_avg_angle_sum,dd_sd_angle_sum,dd_mean_max_deviation,dd_sd_max_deviation
27,0.05401424261239859,1053.3317868898287,413.5293929747028,-2801.0696049937046,1870.4131141106127,372214.0615620096,243063.3801536308,0.7105597919887967,0.13775486546891597,0.9210913547666679,0.10966842607999548,65.11111111111111,20.966905139078374,0.05289186044911357,0.11371324842765426,-41.17544807925997,69.29523964707246,-41.17544807925997,69.29523964707246,620.8305364832238,206.56539212802932,-32112.207167670855,92095.39357434031,76779934.474844,229481577.7322871,0.9970894919501411,0.30784989836759397,0.8745807722533517,0.08587369415575097,94,35.41892149684968,0.07557412967032588,0.14078240374811068,50.428295512729385,137.1055758143297,0.1322583753084617,0.20179481503842697,0.14340360959370932,0.022908764580704507,868.1743902288581,435.5384541587763,-6652.538200119134,7456.928350888932,76779934.474844,229481577.7322871,0.7743633323245578,0.3223596132826844,0.7795508167747666,0.13366969500002665,84.22222222222223,39.55305859784353,0.003924451802176588,0.02041919941872936,65.83065478621097,45.97439917386543,0.004411461914274346,0.004381192457409493
