num_actions,avg_inter_action_time,mm_avg_v,mm_sd_v,mm_avg_a,mm_sd_a,mm_avg_j,mm_sd_j,mm_avg_duration,mm_sd_duration,mm_avg_straightness,mm_sd_straightness,mm_avg_num_points,mm_sd_num_points,mm_avg_curvature,mm_sd_curvature,mm_avg_angle_sum,mm_sd_angle_sum,mm_avg_max_deviation,mm_sd_max_deviation,pc_avg_v,pc_sd_v,pc_avg_a,pc_sd_a,pc_avg_j,pc_sd_j,pc_avg_duration,pc_sd_duration,pc_avg_straightness,pc_sd_straightness,pc_avg_num_points,pc_sd_num_points,pc_avg_curvature,pc_sd_curvature,pc_avg_angle_sum,pc_sd_angle_sum,pc_avg_max_deviation,pc_sd_max_deviation,avg_click_time,pc_sd_click_time,dd_avg_v,dd_sd_v,dd_avg_a,dd_sd_a,dd_avg_j,dd_sd_j,dd_avg_duration,dd_sd_duration,dd_avg_straightness,dd_sd_straightness,dd_avg_num_points,dd_sd_num_points,dd_avg_curvature,dd_sd_curvature,dd_avg_angle_sum,dd_sd_angle_sum,dd_mean_max_deviation,dd_sd_max_deviation
26,0.08259784698486328,968.6743040207849,306.8340769371875,-1935.0556650351257,1382.5945670664278,311163.2105514416,236502.2493811452,0.7847638726234436,0.24116658008165334,0.9334452687914534,0.055519563104997116,72.75,15.341354009902219,0.024509073397067038,0.09087486491556196,-75.00576028096754,48.26242970196576,-75.00576028096754,48.26242970196576,574.3549222221797,183.68093717542533,-605.1581912573143,509.16978574174755,88928.34675509496,84632.37475547094,1.0545754194259644,0.27457514454989745,0.8896851206561942,0.09210606208329532,97.3,25.13099016486749,0.027764936494940145,0.06290440352499597,52.55227093233245,136.57843108263086,0.048227150200650125,0.08666500480220607,0.14952988624572755,0.023166223215946677,969.1561146649483,294.8575502818561,-19640.82162396057,22237.007702208026,88928.34675509496,84632.37475547094,0.7378870844841003,0.162098130581754,0.9179144375516465,0.06934279982221564,77.875,20.343040227908062,0.0012441752365565848,0.12856416478494595,104.81744750357167,43.127682497505155,0.002035033307220033,0.0026631182145011372
